ML Model Name,Accuracy,AUC,Precision,Recall,F1,MCC
Logistic Regression,0.817503729487817,0.8500595542293201,0.7135250266240681,0.44607190412782954,0.5489553461696026,0.4612617021959563
Decision Tree,0.8509862423338306,0.8848132600951987,0.749379652605459,0.6031957390146472,0.6683880486905202,0.5793509018309071
kNN,0.8189955246146196,0.849777064700902,0.6529850746268657,0.5825565912117177,0.6157635467980296,0.49926651077684364
Naive Bayes,0.797778882811205,0.8497596524724922,0.6985915492957746,0.33022636484687085,0.4484629294755877,0.379756444192202
Random Forest (Ensemble),0.8524780374606332,0.9136243266904334,0.7976653696498055,0.5459387483355526,0.6482213438735178,0.5750847668381586
XGBoost (Ensemble),0.85513011768606,0.9139611835143079,0.7404287901990811,0.6438082556591211,0.6887464387464387,0.5974100124250458
